1,google.com
2,facebook.com
3,amazonaws.com
4,microsoft.com
5,apple.com
6,googleapis.com
7,akamaiedge.net
8,a-msedge.net
9,youtube.com
10,twitter.com
11,googlevideo.com
12,akamai.net
13,instagram.com
14,cloudflare.com
15,azure.com
16,digicert.com
17,gstatic.com
18,linkedin.com
19,doubleclick.net
20,tiktokcdn.com
21,netflix.com
22,googletagmanager.com
23,live.com
24,office.com
25,akadns.net
26,apple-dns.net
27,frontapp.com
28,googleusercontent.com
29,amazon.com
30,icloud.com
31,fbcdn.net
32,wikipedia.org
33,domaincontrol.com
34,trafficmanager.net
35,gtld-servers.net
36,fastly.net
37,windowsupdate.com
38,wordpress.org
39,bing.com
40,youtu.be
41,yahoo.com
42,root-servers.net
43,pinterest.com
44,aaplimg.com
45,microsoftonline.com
46,github.com
47,l-msedge.net
48,googlesyndication.com
49,google-analytics.com
50,windows.net
51,vimeo.com
52,ui.com
53,nflxso.net
54,spotify.com
55,goo.gl
56,adobe.com
57,gandi.net
58,cloudfront.net
59,t-msedge.net
60,sharepoint.com
61,mozilla.org
62,edgekey.net
63,wordpress.com
64,bit.ly
65,zoom.us
66,app-measurement.com
67,qq.com
68,googledomains.com
69,msn.com
70,office365.com
71,blogspot.com
72,yandex.net
73,office.net
74,skype.com
75,cloudflare.net
76,tds.net
77,whatsapp.com
78,gvt1.com
79,s-msedge.net
80,ytimg.com
81,cloudapp.net
82,comcast.net
83,bytefcdn-oversea.com
84,reddit.com
85,ntp.org
86,roblox.com
87,macromedia.com
88,pki.goog
89,tiktok.com
90,opera.com
91,europa.eu
92,ruidongcloud.com
93,amazon-adsystem.com
94,criteo.com
95,intuit.com
96,dropbox.com
97,deviantart.com
98,tumblr.com
99,snapchat.com
100,lencr.org
101,baidu.com
102,wac-msedge.net
103,nih.gov
104,facebook-hardware.com
105,cdn77.org
106,510623.com
107,gravatar.com
108,nytimes.com
109,flickr.com
110,github.io
111,t.co
112,rubiconproject.com
113,registrar-servers.com
114,webex.com
115,googleadservices.com
116,t.me
117,omtrdc.net
118,msftncsi.com
119,nr-data.net
120,ggpht.com
121,casalemedia.com
122,apache.org
123,sentry.io
124,one.one
125,akamaized.net
126,tiktokcdn-us.com
127,2mdn.net
128,spo-msedge.net
129,a2z.com
130,miit.gov.cn
131,b-msedge.net
132,paypal.com
133,amazontrust.com
134,archive.org
135,mozilla.com
136,cdninstagram.com
137,unity3d.com
138,bytefcdn-ttpeu.com
139,rambler.ru
140,salesforce.com
141,forms.gle
142,epicgames.com
143,sberdevices.ru
144,pubmatic.com
145,soundcloud.com
146,edgesuite.net
147,medium.com
148,o365filtering.com
149,gmail.com
150,w3.org
151,zemanta.com
152,vk.com
153,taboola.com
154,doubleverify.com
155,ttlivecdn.com
156,ebay.com
157,bbc.co.uk
158,myfritz.net
159,appsflyer.com
160,meraki.com
161,att.net
162,openx.net
163,demdex.net
164,adsrvr.org
165,hipages.com.au
166,rbxcdn.com
167,comfortel.pro
168,adobe.io
169,applovin.com
170,aiv-cdn.net
171,samsung.com
172,azurewebsites.net
173,abusix.zone
174,kaspersky.com
175,reg.ru
176,shifen.com
177,googletagservices.com
178,bbc.com
179,sciencedirect.com
180,creativecommons.org
181,appsflyersdk.com
182,example.com
183,wsdvs.com
184,safebrowsing.apple
185,googleblog.com
186,facebook.net
187,sourceforge.net
188,mzstatic.com
189,xiaomi.com
190,imdb.com
191,smartadserver.com
192,akamaihd.net
193,worldfcdn2.com
194,mit.edu
195,twitch.tv
196,nginx.org
197,who.int
198,dual-s-msedge.net
199,edgecastdns.net
200,wixsite.com
201,userapi.com
202,scorecardresearch.com
203,hp.com
204,ubuntu.com
205,dnsowl.com
206,amazonvideo.com
207,cisco.com
208,issuu.com
209,go.com
210,rocket-cdn.com
211,miui.com
212,washingtonpost.com
213,twimg.com
214,nginx.com
215,amazon.co.uk
216,ampproject.org
217,criteo.net
218,youtube-nocookie.com
219,cdn-apple.com
220,researchgate.net
221,wikimedia.org
222,msftconnecttest.com
223,hubspot.com
224,azurefd.net
225,cdc.gov
226,force.com
227,wp.com
228,mcafee.com
229,launchdarkly.com
230,yahoo.co.jp
231,telecid.ru
232,weebly.com
233,android.com
234,dnsmadeeasy.com
235,name-services.com
236,ibm.com
237,hwcdn.net
238,rlcdn.com
239,weibo.com
240,slideshare.net
241,harvard.edu
242,atomile.com
243,grammarly.com
244,espn.com
245,doi.org
246,dailymotion.com
247,oracle.com
248,3lift.com
249,trendmicro.com
250,shopify.com
251,aliyuncs.com
252,canva.com
253,booking.com
254,360yield.com
255,moatads.com
256,google.co.uk
257,cedexis.net
258,bloomberg.com
259,b-cdn.net
260,sharethrough.com
261,playstation.net
262,media-amazon.com
263,discord.com
264,linktr.ee
265,teamviewer.com
266,supersonicads.com
267,wsj.com
268,hotjar.com
269,etsy.com
270,icloud-content.com
271,wiley.com
272,adriver.ru
273,nist.gov
274,indeed.com
275,vungle.com
276,steampowered.com
277,media.net
278,newrelic.com
279,php.net
280,crashlytics.com
281,nature.com
282,elasticbeanstalk.com
283,quantserve.com
284,appcenter.ms
285,jsdelivr.net
286,wal-mart.com
287,slack.com
288,samsungqbe.com
289,weather.com
290,google.de
291,wildberries.ru
292,nasa.gov
293,businessinsider.com
294,un.org
295,samsungcloudsolution.com
296,alibabadns.com
297,stripe.com
298,roku.com
299,cnbc.com
300,crwdcntrl.net
301,dotomi.com
302,springer.com
303,quora.com
304,branch.io
305,comcast.com
306,smaato.net
307,list-manage.com
308,hostgator.com
309,stanford.edu
310,drom.ru
311,opendns.com
312,imrworldwide.com
313,lijit.com
314,mediahils.ru
315,gnu.org
316,outbrain.com
317,sc-cdn.net
318,bugsnag.com
319,ksyuncdn.com
320,stackoverflow.com
321,netangels.ru
322,spcsdns.net
323,eset.com
324,tripadvisor.com
325,adform.net
326,sc-gw.com
327,id5-sync.com
328,ups.com
329,adobedtm.com
330,eventbrite.com
331,sohu.com
332,line.me
333,dell.com
334,liadm.com
335,discord.gg
336,unsplash.com
337,inmobi.com
338,gumgum.com
339,mi.com
340,rackspace.net
341,wix.com
342,cpanel.net
343,dzeninfra.ru
344,sophos.com
345,creativecdn.com
346,goodreads.com
347,1c.ru
348,rakuten.co.jp
349,teads.tv
350,telegraph.co.uk
351,akam.net
352,ea.com
353,milanuncios.com
354,stbid.ru
355,ecdns.net
356,go-mpulse.net
357,hicloud.com
358,walmart.com
359,addtoany.com
360,avast.com
361,msidentity.com
362,blogger.com
363,cloudns.net
364,clarity.ms
365,isnssdk.com
366,xboxlive.com
367,google.co.jp
368,taobao.com
369,trustpilot.com
370,timeweb.ru
371,giphy.com
372,godaddy.com
373,g.page
374,ring.com
375,mozilla.net
376,pixabay.com
377,beian.gov.cn
378,amazonalexa.com
379,amazon.co.jp
380,duckduckgo.com
381,me.com
382,ivi.ru
383,inner-active.mobi
384,scribd.com
385,healthline.com
386,amazon.de
387,bilibili.com
388,xcal.tv
389,adjust.com
390,openai.com
391,wired.com
392,rayjump.com
393,rzone.de
394,bitrix24.ru
395,statista.com
396,yieldmo.com
397,azure-dns.com
398,yahoodns.net
399,verisign.com
400,behance.net
401,sfx.ms
402,amzn.to
403,cambridge.org
404,mayoclinic.org
405,myshopify.com
406,ted.com
407,surveymonkey.com
408,zendesk.com
409,adtelligent.com
410,pangle.io
411,naver.com
412,uber.com
413,ft.com
414,debian.org
415,forter.com
416,byteoversea.net
417,consultant.ru
418,nvidia.com
419,ngenix.net
420,livejournal.com
421,gosuslugi.ru
422,ozon.ru
423,socdm.com
424,squarespace.com
425,google.com.br
426,scdn.co
427,dzen.ru
428,att.com
429,academia.edu
430,disqus.com
431,telegram.me
432,mysql.com
433,mikrotik.com
434,digitalocean.com
435,nease.net
436,google.ca
437,sorbs.net
438,kaspersky-labs.com
439,globo.com
440,phicdn.net
441,163.com
442,imgsmail.ru
443,herokudns.com
444,ca.gov
445,hostgator.com.br
446,loc.gov
447,berkeley.edu
448,dns.com
449,google.fr
450,netease.com
451,cbsnews.com
452,warnerbros.com
453,checkpoint.com
454,aliexpress.com
455,atlassian.net
456,mynetname.net
457,yelp.com
458,entrust.net
459,e-msedge.net
460,pandora.com
461,online-metrix.net
462,herokuapp.com
463,datadoghq.com
464,google.es
465,playstation.com
466,yimg.jp
467,bidr.io
468,rackspace.com
469,mediatek.com
470,huawei.com
471,intel.com
472,google.it
473,wbx2.com
474,free.fr
475,ok.ru
476,tradingview.com
477,ipv4only.arpa
478,bamgrid.com
479,adityabirlacapital.com
480,fb.com
481,transmissionapp.com
482,mailchimp.com
483,noaa.gov
484,duolingo.com
485,techcrunch.com
486,mncdn.com
487,grammarly.io
488,patreon.com
489,marriott.com
490,samsungcloud.com
491,jquery.com
492,target.com
493,steamcommunity.com
494,oup.com
495,ietf.org
496,atlassian.com
497,aboutads.info
498,autodesk.com
499,onetrust.com
500,dns-parking.com
501,cornell.edu
502,nike.com
503,alibaba.com
504,mob.com
505,apple.news
506,tandfonline.com
507,google.co.in
508,licdn.com
509,freepik.com
510,bluehost.com
511,mozgcp.net
512,mts.ru
513,launchpad.net
514,getpocket.com
515,visualstudio.com
516,nbcnews.com
517,webrootcloudav.com
518,ikea.com
519,ttvnw.net
520,adobe.net
521,yandex.com
522,name.com
523,wattpad.com
524,oath.cloud
525,xhamster.com
526,conviva.com
527,homedepot.com
528,byteglb.com
529,qwest.net
530,hugedomains.com
531,cookielaw.org
532,prnewswire.com
533,rt.ru
534,nstld.com
535,amplitude.com
536,incapdns.net
537,instacart.com
538,washington.edu
539,ezvizlife.com
540,footprintdns.com
541,ohthree.com
542,infonline.de
543,theatlantic.com
544,fandom.com
545,calendly.com
546,mtgglobals.com
547,mega.co.nz
548,agkn.com
549,ovscdns.com
550,uol.com.br
551,optimizely.com
552,shalltry.com
553,qualtrics.com
554,fontawesome.com
555,virtualearth.net
556,appspot.com
557,t-mobile.com
558,box.com
559,aliyun.com
560,rbc.ru
561,arubanetworks.com
562,google.com.hk
563,elpais.com
564,fda.gov
565,tapad.com
566,markmonitor.com
567,ioam.de
568,intercom.io
569,typekit.net
570,riotgames.com
571,w3schools.com
572,pornhub.com
573,themeforest.net
574,omnitagjs.com
575,qlivecdn.com
576,google.pl
577,stackadapt.com
578,life360.com
579,usda.gov
580,mlb.com
581,mediafire.com
582,nationalgeographic.com
583,investopedia.com
584,dns-shop.ru
585,bluekai.com
586,youku.com
587,live.net
588,rspamd.com
589,everesttech.net
590,zillow.com
591,amazon.fr
592,hbr.org
593,tremorhub.com
594,allawnos.com
595,contextweb.com
596,shipt.com
597,gihc.net
598,splashtop.com
599,namebrightdns.com
600,yimg.com
601,yahooapis.jp
602,google.com.mx
603,sagepub.com
604,livechatinc.com
605,ovscdns.net
606,samsungapps.com
607,google.com.tr
608,lenovo.com
609,okta.com
610,yahoo.net
611,unesco.org
612,udemy.com
613,kickstarter.com
614,footprint.net
615,klaviyo.com
616,xvideos.com
617,bestbuy.com
618,nflxvideo.net
619,princeton.edu
620,33across.com
621,gandi-ns.fr
622,statcounter.com
623,business.site
624,viber.com
625,contentsquare.net
626,fiverr.com
627,mailchi.mp
628,amazon.ca
629,shein.com
630,bandcamp.com
631,docker.com
632,xfinity.com
633,lemonde.fr
634,bytetcdn.com
635,allaboutcookies.org
636,dreamhost.com
637,kwai.net
638,gamepass.com
639,bitdefender.com
640,airbnb.com
641,people.com
642,usgovcloudapi.net
643,shopee.co.id
644,mobiusltd.com
645,temu.com
646,sectigo.com
647,telegram.org
648,locaweb.com.br
649,allegro.pl
650,douyincdn.com
651,ttoverseaus.net
652,redhat.com
653,pbs.org
654,networkadvertising.org
655,swrve.com
656,coinmarketcap.com
657,chaturbate.com
658,globalsign.com
659,awsglobalaccelerator.com
660,amazon.in
661,fast.com
662,xiaomi.net
663,mirtesen.ru
664,badoo.com
665,mixpanel.com
666,change.org
667,paloaltonetworks.com
668,news.com.au
669,wordpress.net
670,1rx.io
671,pccc.com
672,dan.com
673,jotform.com
674,apigee.net
675,t-online.de
676,bankofamerica.com
677,ameblo.jp
678,nintendo.net
679,igamecj.com
680,whitehouse.gov
681,norton.com
682,ipify.org
683,goskope.com
684,3gppnetwork.org
685,mparticle.com
686,sitescout.com
687,impervadns.net
688,iso.org
689,stickyadstv.com
690,glance.net
691,clever.com
692,ovh.net
693,nikkei.com
694,tencent-cloud.net
695,umich.edu
696,upwork.com
697,google.co.th
698,ebay.co.uk
699,google.cn
700,colossusssp.com
701,bdydns.com
702,intentiq.com
703,abovedomains.com
704,xnxx.com
705,ssl-images-amazon.com
706,hm.com
707,fedex.com
708,quantummetric.com
709,ieee.org
710,yximgs.com
711,rackspaceclouddb.com
712,ipredictive.com
713,samsungacr.com
714,adrta.com
715,turn.com
716,state.gov
717,epa.gov
718,rfihub.com
719,kargo.com
720,lowes.com
721,simpli.fi
722,ads-twitter.com
723,istockphoto.com
724,krxd.net
725,takeaway.com
726,unrulymedia.com
727,google.com.tw
728,bootstrapcdn.com
729,steamstatic.com
730,360.cn
731,appier.net
732,crossmh.ru
733,wayfair.com
734,indexww.com
735,fb.me
736,hilton.com
737,ertelecom.ru
738,shopee.com.br
739,watchguard.com
740,ssacdn.com
741,instructure.com
742,onlyfans.com
743,worldbank.org
744,bild.de
745,ks-cdn.com
746,vkontakte.ru
747,netgear.com
748,economist.com
749,columbia.edu
750,heytapdl.com
751,macys.com
752,attn.tv
753,typeform.com
754,cdnvideo.ru
755,genius.com
756,canonical.com
757,discordapp.com
758,amazon.it
759,disneyplus.com
760,topdns.me
761,lefigaro.fr
762,amazon.es
763,immunet.com
764,gitlab.com
765,theconversation.com
766,wikihow.com
767,w55c.net
768,bitly.com
769,constantcontact.com
770,onetag-sys.com
771,businesswire.com
772,brave.com
773,quizlet.com
774,fbsbx.com
775,repubblica.it
776,firebaseio.com
777,alidns.com
778,samsungcloudsolution.net
779,ripn.net
780,daum.net
781,chartbeat.net
782,llnwi.net
783,spot.im
784,fitbit.com
785,realtor.com
786,tribalfusion.com
787,naver.jp
788,primevideo.com
789,pixiv.net
790,arcgis.com
791,biblegateway.com
792,heytapmobile.com
793,githubusercontent.com
794,deepl.com
795,vmware.com
796,tp-link.com
797,savvis.net
798,cbc.ca
799,pendo.io
800,discogs.com
801,erome.com
802,flashtalking.com
803,firefox.com
804,bttrack.com
805,rings.solutions
806,ya.ru
807,ebay.de
808,websitewelcome.com
809,mgid.com
810,squarespacedns.com
811,linode.com
812,marketwatch.com
813,jimdo.com
814,ancestry.com
815,nic.do
816,imcmdb.net
817,deloitte.com
818,btloader.com
819,onet.pl
820,avcdn.net
821,unpkg.com
822,mathtag.com
823,segment.io
824,superhosting.bg
825,xerox.com
826,ad.gt
827,ameba.jp
828,browser-intake-datadoghq.com
829,messenger.com
830,hulu.com
831,elmundo.es
832,adgrx.com
833,creditkarma.com
834,mediavine.com
835,algolia.net
836,eepurl.com
837,skroutz.gr
838,ifood.com.br
839,corriere.it
840,statuspage.io
841,pusher.com
842,chartboost.com
843,dribbble.com
844,classlink.com
845,pikabu.ru
846,rapid7.com
847,costco.com
848,ibyteimg.com
849,adroll.com
850,redfin.com
851,apnews.com
852,psychologytoday.com
853,mckinsey.com
854,newyorker.com
855,asos.com
856,vivoglobal.com
857,amazon.com.br
858,yale.edu
859,ryanair.com
860,innovid.com
861,quantcount.com
862,eyeota.net
863,nest.com
864,ui-dns.com
865,aniview.com
866,wp.pl
867,olx.ua
868,synology.com
869,eporner.com
870,onesignal.com
871,quickconnect.to
872,mapbox.com
873,myqcloud.com
874,ai-lawandorder.com
875,ys7.com
876,abc.net.au
877,weathernews.jp
878,binance.com
879,livedoor.jp
880,interia.pl
881,line-apps.com
882,francetvinfo.fr
883,psu.edu
884,4dex.io
885,shutterstock.com
886,agoda.com
887,aiv-delivery.net
888,nicovideo.jp
889,flurry.com
890,sensic.net
891,serving-sys.com
892,spankbang.com
893,plos.org
894,ecosia.org
895,sky.com
896,tynt.com
897,chess.com
898,idnes.cz
899,dmm.co.jp
900,flipkart.com
901,marca.com
902,openstreetmap.org
903,sedo.com
904,www.gov.br
905,parsely.com
906,pexels.com
907,spectrum.com
908,sportskeeda.com
909,withgoogle.com
910,mozaws.net
911,bol.com
912,vidazoo.com
913,chartbeat.com
914,ubnt.com
915,tiqcdn.com
916,dbankcloud.ru
917,ucla.edu
918,moneycontrol.com
919,expedia.com
920,about.com
921,no-ip.com
922,trendyol.com
923,beget.ru
924,ox.ac.uk
925,avira.com
926,olx.com.br
927,as.com
928,redditstatic.com
929,byteoversea.com
930,gsmarena.com
931,arxiv.org
932,twitchcdn.net
933,fc2.com
934,mwbsys.com
935,mdpi.com
936,n-tv.de
937,plex.tv
938,ilovepdf.com
939,mashable.com
940,gofundme.com
941,cox.net
942,goal.com
943,dnsv1.com
944,upenn.edu
945,360safe.com
946,trustarc.com
947,spotifycdn.com
948,dyndns.org
949,fortune.com
950,webhostbox.net
951,joinhoney.com
952,sciencedaily.com
953,infobae.com
954,ctdns.cn
955,cookiedatabase.org
956,outbrainimg.com
957,google.ru
958,adition.com
959,permutive.com
960,split.io
961,wpengine.com
962,trello.com
963,newsweek.com
964,cdnbuild.net
965,ouest-france.fr
966,xinhuanet.com
967,reverso.net
968,amazon.com.mx
969,grserver.gr
970,redislabs.com
971,adcolony.com
972,tokopedia.com
973,online.net
974,uci.edu
975,typepad.com
976,cookpad.com
977,clarin.com
978,s-onetag.com
979,itmedia.co.jp
980,mobile.de
981,classdojo.com
982,quizizz.com
983,otto.de
984,share-dns.com
985,bitdefender.net
986,mercadolivre.com.br
987,redditmedia.com
988,tabelog.com
989,surfshark.com
990,n-able.com
991,nu.nl
992,akaquill.net
993,dropboxapi.com
994,poki.com
995,biomedcentral.com
996,nintendo.com
997,bytefcdn.com
998,youronlinechoices.com
999,mercadolibre.com.ar
1000,livedoor.com
